1/1/2012,0.903225806
2/1/2012,1.396774194
3/1/2012,0.019354839
4/1/2012,0
5/1/2012,0
6/1/2012,0
7/1/2012,2.761290323
8/1/2012,7.614516129
9/1/2012,4.548387097
10/1/2012,2.674193548
11/1/2012,0.727419355
12/1/2012,0.567741935
13/1/2012,0
14/1/2012,16.32419355
15/1/2012,1.019354839
16/1/2012,0.048387097
17/1/2012,3.679032258
18/1/2012,0.662903226
19/1/2012,2.916129032
20/1/2012,21.75
21/1/2012,45.44677419
22/1/2012,21.68548387
23/1/2012,3.988709677
24/1/2012,0.025806452
25/1/2012,0.203225806
26/1/2012,0
27/1/2012,5.833870968
28/1/2012,0.003225806
29/1/2012,0.112903226
30/1/2012,0.474193548
31/1/2012,31.97741935
1/2/2012,0.022580645
2/2/2012,19.56451613
3/2/2012,1.646774194
4/2/2012,0.174193548
5/2/2012,0.196774194
6/2/2012,2.670967742
7/2/2012,0.238709677
8/2/2012,0
9/2/2012,0
10/2/2012,0
11/2/2012,2.303225806
12/2/2012,1.537096774
13/2/2012,2.519354839
14/2/2012,0.851612903
15/2/2012,7.766129032
16/2/2012,5.624193548
17/2/2012,6.127419355
18/2/2012,12.06612903
19/2/2012,0.032258065
20/2/2012,8.40483871
21/2/2012,6.709677419
22/2/2012,5.025806452
23/2/2012,0.225806452
24/2/2012,0.035483871
25/2/2012,0.548387097
26/2/2012,13.48870968
27/2/2012,5.356451613
28/2/2012,0.712903226
29/2/2012,3.793548387
1/3/2012,14.48064516
2/3/2012,17.51774194
3/3/2012,0.506451613
4/3/2012,0.106451613
5/3/2012,20.26612903
6/3/2012,0.383870968
7/3/2012,9.49516129
8/3/2012,18.34677419
9/3/2012,0.925806452
10/3/2012,7.230645161
11/3/2012,15.80322581
12/3/2012,0.193548387
13/3/2012,39.23709677
14/3/2012,10.28064516
15/3/2012,0.019354839
16/3/2012,0
17/3/2012,9.05
18/3/2012,17.70322581
19/3/2012,0.787096774
20/3/2012,0.003225806
21/3/2012,6.122580645
22/3/2012,9.096774194
23/3/2012,0.141935484
24/3/2012,1.590322581
25/3/2012,28.31311475
26/3/2012,3.173770492
27/3/2012,11.51290323
28/3/2012,1.512903226
29/3/2012,3.896774194
30/3/2012,46.76129032
31/3/2012,6.29516129
1/4/2012,31.76885246
2/4/2012,4.019672131
3/4/2012,28.76885246
4/4/2012,2.845901639
5/4/2012,4.172131148
6/4/2012,16.58360656
7/4/2012,16.20327869
8/4/2012,12.47377049
9/4/2012,11.98688525
10/4/2012,32.42459016
11/4/2012,5.61147541
12/4/2012,12.64918033
13/4/2012,0
14/4/2012,21.54590164
15/4/2012,1.124590164
16/4/2012,1.760655738
17/4/2012,0.426229508
18/4/2012,1.298360656
19/4/2012,23.03770492
20/4/2012,14.44918033
21/4/2012,13.29836066
22/4/2012,0.726229508
23/4/2012,1.116393443
24/4/2012,5.152459016
25/4/2012,1.186885246
26/4/2012,2.463934426
27/4/2012,0.878688525
28/4/2012,10.33278689
29/4/2012,3.306557377
30/4/2012,2.226229508
1/5/2012,10.73064516
2/5/2012,11.27741935
3/5/2012,0.067741935
4/5/2012,47.97096774
5/5/2012,1.820967742
6/5/2012,9.279032258
7/5/2012,1.822580645
8/5/2012,12.4016129
9/5/2012,11.52580645
10/5/2012,1.409677419
11/5/2012,3.691935484
12/5/2012,15.74516129
13/5/2012,0.764516129
14/5/2012,0.764516129
15/5/2012,17.70322581
16/5/2012,34.49193548
17/5/2012,2.009677419
18/5/2012,0
19/5/2012,0.183870968
20/5/2012,6.051612903
21/5/2012,3.922580645
22/5/2012,17.47580645
23/5/2012,1.233870968
24/5/2012,6.812903226
25/5/2012,0.032258065
26/5/2012,32.55645161
27/5/2012,0.735483871
28/5/2012,0
29/5/2012,5.282258065
30/5/2012,4.932258065
31/5/2012,14.21774194
1/6/2012,0.317741935
2/6/2012,4.643548387
3/6/2012,0.725806452
4/6/2012,3.503225806
5/6/2012,4.35483871
6/6/2012,0.238709677
7/6/2012,0.169354839
8/6/2012,45.50322581
9/6/2012,1.912903226
10/6/2012,0.003225806
11/6/2012,0.001612903
12/6/2012,0
13/6/2012,0
14/6/2012,0
15/6/2012,0
16/6/2012,0
17/6/2012,0
18/6/2012,0
19/6/2012,4.033870968
20/6/2012,2.870967742
21/6/2012,1.74516129
22/6/2012,0
23/6/2012,0
24/6/2012,0.808064516
25/6/2012,0.016129032
26/6/2012,1.383870968
27/6/2012,7.983870968
28/6/2012,0.10483871
29/6/2012,0.198387097
30/6/2012,13.00806452
1/7/2012,2.341935484
2/7/2012,11.14677419
3/7/2012,32.78709677
4/7/2012,34.57580645
5/7/2012,19.43225806
6/7/2012,0.106451613
7/7/2012,17.80967742
8/7/2012,0.412903226
9/7/2012,0.251612903
10/7/2012,0.833870968
11/7/2012,3.830645161
12/7/2012,1.212903226
13/7/2012,1.191935484
14/7/2012,12.23709677
15/7/2012,1.088709677
16/7/2012,10.02903226
17/7/2012,10.9483871
18/7/2012,0.006451613
19/7/2012,15.75
20/7/2012,0.387096774
21/7/2012,0.009677419
22/7/2012,0
23/7/2012,0
24/7/2012,0
25/7/2012,0
26/7/2012,0
27/7/2012,0
28/7/2012,6.064516129
29/7/2012,0.006451613
30/7/2012,0.083870968
31/7/2012,0
1/8/2012,8.951612903
2/8/2012,0
3/8/2012,40.71129032
4/8/2012,6.606451613
5/8/2012,0.161290323
6/8/2012,0.367741935
7/8/2012,0
8/8/2012,0
9/8/2012,0
10/8/2012,0
11/8/2012,0
12/8/2012,0.05483871
13/8/2012,0.39516129
14/8/2012,0
15/8/2012,0.241935484
16/8/2012,2.156451613
17/8/2012,15.35806452
18/8/2012,0.15483871
19/8/2012,2.977419355
20/8/2012,1.535483871
21/8/2012,3.467741935
22/8/2012,1.55483871
23/8/2012,6.629032258
24/8/2012,0
25/8/2012,0.583870968
26/8/2012,2.566129032
27/8/2012,22.21129032
28/8/2012,6.4
29/8/2012,0.935483871
30/8/2012,11.3483871
31/8/2012,12.11451613
1/9/2012,0
2/9/2012,0
3/9/2012,0
4/9/2012,2.396774194
5/9/2012,0.132258065
6/9/2012,0.112903226
7/9/2012,8.614516129
8/9/2012,3.785483871
9/9/2012,11.28064516
10/9/2012,3.148387097
11/9/2012,4.233870968
12/9/2012,0.312903226
13/9/2012,0.061290323
14/9/2012,0
15/9/2012,0.137096774
16/9/2012,0
17/9/2012,0.135483871
18/9/2012,0
19/9/2012,2.638709677
20/9/2012,4.887096774
21/9/2012,9.543548387
22/9/2012,0.498387097
23/9/2012,0
24/9/2012,4.593548387
25/9/2012,13.26290323
26/9/2012,2.619354839
27/9/2012,34.07419355
28/9/2012,0.080645161
29/9/2012,1.506451613
30/9/2012,3.50483871
1/10/2012,0.916393443
2/10/2012,0.014754098
3/10/2012,3.767213115
4/10/2012,7.357377049
5/10/2012,3.690163934
6/10/2012,1.931147541
7/10/2012,6.191803279
8/10/2012,0.750819672
9/10/2012,1.898360656
10/10/2012,6.078688525
11/10/2012,3.57704918
12/10/2012,4.381967213
13/10/2012,6.340983607
14/10/2012,8.990163934
15/10/2012,0.052459016
16/10/2012,1.004918033
17/10/2012,25.44262295
18/10/2012,17.14918033
19/10/2012,9.296721311
20/10/2012,34.29508197
21/10/2012,17.0704918
22/10/2012,0.067213115
23/10/2012,0
24/10/2012,0.006557377
25/10/2012,0.396721311
26/10/2012,1.052459016
27/10/2012,1.08852459
28/10/2012,0
29/10/2012,2.891803279
30/10/2012,2.773770492
31/10/2012,42.1
1/11/2012,6.591935484
2/11/2012,0.532258065
3/11/2012,7.888709677
4/11/2012,28.14354839
5/11/2012,0.20483871
6/11/2012,13.97419355
7/11/2012,7.370967742
8/11/2012,11.89677419
9/11/2012,17.60322581
10/11/2012,4.759677419
11/11/2012,0.106451613
12/11/2012,10.93064516
13/11/2012,8.543548387
14/11/2012,20.28548387
15/11/2012,5.791935484
16/11/2012,4.283870968
17/11/2012,45.11451613
18/11/2012,12.30645161
19/11/2012,2.491935484
20/11/2012,0.017741935
21/11/2012,16.22741935
22/11/2012,1.230645161
23/11/2012,43.9
24/11/2012,0.119354839
25/11/2012,6.117741935
26/11/2012,4.158064516
27/11/2012,5.882258065
28/11/2012,20.88870968
29/11/2012,5.038709677
30/11/2012,1.525806452
1/12/2012,5.320967742
2/12/2012,0.791935484
3/12/2012,38.46935484
4/12/2012,3.038709677
5/12/2012,11.1016129
6/12/2012,29.21774194
7/12/2012,0.467741935
8/12/2012,0.108064516
9/12/2012,10.12419355
10/12/2012,15.06451613
11/12/2012,21.26935484
12/12/2012,20.41451613
13/12/2012,29.00645161
14/12/2012,3.787096774
15/12/2012,14.22903226
16/12/2012,15.82419355
17/12/2012,11.02580645
18/12/2012,12.77903226
19/12/2012,18.1483871
20/12/2012,1.074193548
21/12/2012,14.7
22/12/2012,12.80483871
23/12/2012,1.75483871
24/12/2012,4.008064516
25/12/2012,0.277419355
26/12/2012,0.341935484
27/12/2012,0
28/12/2012,6.496774194
29/12/2012,6.688709677
30/12/2012,1.320967742
31/12/2012,70.90322581
1/1/2013,2.868333333
2/1/2013,15.835
3/1/2013,5.963333333
4/1/2013,6.53
5/1/2013,0.006666667
6/1/2013,0
7/1/2013,0.013333333
8/1/2013,10.335
9/1/2013,10.38333333
10/1/2013,0.176666667
11/1/2013,10.16833333
12/1/2013,11.07333333
13/1/2013,9.42
14/1/2013,9.903333333
15/1/2013,4.86
16/1/2013,0.625
17/1/2013,0
18/1/2013,55.28
19/1/2013,33.74666667
20/1/2013,5.226666667
21/1/2013,1.618333333
22/1/2013,1.21
23/1/2013,0.003333333
24/1/2013,3.176666667
25/1/2013,0.003333333
26/1/2013,0
27/1/2013,1.663333333
28/1/2013,0.036666667
29/1/2013,0
30/1/2013,0
31/1/2013,0.056666667
1/2/2013,0.574603175
2/2/2013,0.138709677
3/2/2013,35.72258065
4/2/2013,0.724193548
5/2/2013,36.01904762
6/2/2013,27.13015873
7/2/2013,19.5047619
8/2/2013,33.00952381
9/2/2013,23.53870968
10/2/2013,26.36129032
11/2/2013,4.30483871
12/2/2013,6.582258065
13/2/2013,3.379365079
14/2/2013,46.75079365
15/2/2013,18.56507937
16/2/2013,8.720634921
17/2/2013,0.807936508
18/2/2013,11.1952381
19/2/2013,1.817460317
20/2/2013,1.107936508
21/2/2013,7.401587302
22/2/2013,0.019047619
23/2/2013,0.00952381
24/2/2013,0
25/2/2013,20.0984127
26/2/2013,33.87142857
27/2/2013,2.693650794
28/2/2013,1.420634921
1/3/2013,0.615873016
2/3/2013,17.00634921
3/3/2013,0.006349206
4/3/2013,0.225396825
5/3/2013,0.863492063
6/3/2013,0.177777778
7/3/2013,1.241269841
8/3/2013,4.334920635
9/3/2013,19.80634921
10/3/2013,17.03968254
11/3/2013,0.438709677
12/3/2013,0.006349206
13/3/2013,8.750793651
14/3/2013,17.98571429
15/3/2013,0.279365079
16/3/2013,0.012698413
17/3/2013,13.35714286
18/3/2013,0.980952381
19/3/2013,1.580952381
20/3/2013,0.085714286
21/3/2013,0.298412698
22/3/2013,9.725396825
23/3/2013,7.965079365
24/3/2013,4.646031746
25/3/2013,11.02222222
26/3/2013,4.525396825
27/3/2013,3.866666667
28/3/2013,10.17301587
29/3/2013,16.23333333
30/3/2013,8.796825397
31/3/2013,11.34285714
1/4/2013,10.36031746
2/4/2013,9.379365079
3/4/2013,8.084126984
4/4/2013,12.17777778
5/4/2013,5.019047619
6/4/2013,13.30793651
7/4/2013,0.006349206
8/4/2013,7.536507937
9/4/2013,5.114285714
10/4/2013,0.274603175
11/4/2013,0.015873016
12/4/2013,0.038095238
13/4/2013,13.92222222
14/4/2013,0.73015873
15/4/2013,0
16/4/2013,30.68730159
17/4/2013,2.165079365
18/4/2013,1.425396825
19/4/2013,6.811111111
20/4/2013,0.295238095
21/4/2013,19.15238095
22/4/2013,2.698412698
23/4/2013,9.93968254
24/4/2013,4.201587302
25/4/2013,23.57301587
26/4/2013,3.071428571
27/4/2013,5.622222222
28/4/2013,14.8984127
29/4/2013,0.711111111
30/4/2013,0.003174603
1/5/2013,2.912698413
2/5/2013,7.526984127
3/5/2013,7.580952381
4/5/2013,0.784126984
5/5/2013,18.48888889
6/5/2013,4.001587302
7/5/2013,33.58548387
8/5/2013,2.043548387
9/5/2013,4.963492063
10/5/2013,5.092063492
11/5/2013,0.057142857
12/5/2013,0.003174603
13/5/2013,0
14/5/2013,6.184126984
15/5/2013,26.69047619
16/5/2013,3.73968254
17/5/2013,0.114285714
18/5/2013,0.247619048
19/5/2013,0
20/5/2013,3.025396825
21/5/2013,4.673015873
22/5/2013,3.068253968
23/5/2013,3.828571429
24/5/2013,12.88253968
25/5/2013,0.025396825
26/5/2013,6.992063492
27/5/2013,0.014285714
28/5/2013,0
29/5/2013,0.617460317
30/5/2013,0.980952381
31/5/2013,18.14126984
1/6/2013,6.407936508
2/6/2013,1.133333333
3/6/2013,4.787301587
4/6/2013,0.76031746
5/6/2013,31.21428571
6/6/2013,9.304761905
7/6/2013,12.05714286
8/6/2013,7.03015873
9/6/2013,8.973015873
10/6/2013,3.336507937
11/6/2013,0.00952381
12/6/2013,0
13/6/2013,0
14/6/2013,0
15/6/2013,0
16/6/2013,5.474603175
17/6/2013,0.012698413
18/6/2013,0
19/6/2013,0
20/6/2013,0
21/6/2013,0
22/6/2013,0
23/6/2013,0
24/6/2013,0
25/6/2013,8.976190476
26/6/2013,14.17777778
27/6/2013,0.00952381
28/6/2013,3.4
29/6/2013,1.196825397
30/6/2013,3.568253968
1/7/2013,0.288888889
2/7/2013,5.592063492
3/7/2013,0.038095238
4/7/2013,10.40952381
5/7/2013,0.03968254
6/7/2013,0
7/7/2013,0.492063492
8/7/2013,21.9952381
9/7/2013,17.98253968
10/7/2013,0
11/7/2013,13.97936508
12/7/2013,1.03015873
13/7/2013,2.70952381
14/7/2013,6.212903226
15/7/2013,0.05
16/7/2013,1.266666667
17/7/2013,10.67142857
18/7/2013,3.022222222
19/7/2013,0.003174603
20/7/2013,0
21/7/2013,0
22/7/2013,0
23/7/2013,0
24/7/2013,1.473015873
25/7/2013,0.025396825
26/7/2013,6.804761905
27/7/2013,8.342857143
28/7/2013,1.171428571
29/7/2013,4.347619048
30/7/2013,0.038095238
31/7/2013,12.32063492
1/8/2013,6.063492063
2/8/2013,0.385714286
3/8/2013,0
4/8/2013,9.168253968
5/8/2013,29.41746032
6/8/2013,1.204761905
7/8/2013,9.23015873
8/8/2013,0.712698413
9/8/2013,2.257142857
10/8/2013,27.20952381
11/8/2013,11.66825397
12/8/2013,10.52539683
13/8/2013,1.647619048
14/8/2013,10.62857143
15/8/2013,0
16/8/2013,0
17/8/2013,6.793650794
18/8/2013,1.282539683
19/8/2013,0.844444444
20/8/2013,1.565079365
21/8/2013,0.003174603
22/8/2013,4.676190476
23/8/2013,0.314285714
24/8/2013,0
25/8/2013,0
26/8/2013,15.64603175
27/8/2013,0.006349206
28/8/2013,9.117460317
29/8/2013,4.071428571
30/8/2013,0.666666667
31/8/2013,0.485714286
1/9/2013,1.970967742
2/9/2013,16.24193548
3/9/2013,20.13225806
4/9/2013,16.13870968
5/9/2013,44.29677419
6/9/2013,36.3
7/9/2013,21.21129032
8/9/2013,2.329508197
9/9/2013,12.05245902
10/9/2013,18.45806452
11/9/2013,3.584126984
12/9/2013,0.288888889
13/9/2013,0.571428571
14/9/2013,2.990322581
15/9/2013,21.64354839
16/9/2013,0.051612903
17/9/2013,5.264516129
18/9/2013,0.019354839
19/9/2013,0
20/9/2013,0
21/9/2013,0.003278689
22/9/2013,0
23/9/2013,0
24/9/2013,0
25/9/2013,28.85333333
26/9/2013,18.69016393
27/9/2013,0.147540984
28/9/2013,23.30163934
29/9/2013,9.073770492
30/9/2013,0.188709677
1/10/2013,4.396774194
2/10/2013,4.570967742
3/10/2013,3.036065574
4/10/2013,8.311290323
5/10/2013,5.922580645
6/10/2013,7.840322581
7/10/2013,2.629032258
8/10/2013,23.90645161
9/10/2013,1.522580645
10/10/2013,13.94590164
11/10/2013,4.903174603
12/10/2013,4.496825397
13/10/2013,13.37868852
14/10/2013,22.10333333
15/10/2013,10.6704918
16/10/2013,0.062295082
17/10/2013,0.065
18/10/2013,21.50666667
19/10/2013,11.42833333
20/10/2013,22.2
21/10/2013,18.66833333
22/10/2013,0.993333333
23/10/2013,0.006666667
24/10/2013,1.095
25/10/2013,0.429508197
26/10/2013,11.97333333
27/10/2013,6.178688525
28/10/2013,21.4147541
29/10/2013,8.667213115
30/10/2013,8.831147541
31/10/2013,14.84666667
1/11/2013,16.0442623
2/11/2013,5.750819672
3/11/2013,6.121311475
4/11/2013,22.80491803
5/11/2013,45.36885246
6/11/2013,0.46557377
7/11/2013,0
8/11/2013,1.926229508
9/11/2013,16.1295082
10/11/2013,6.28852459
11/11/2013,18.53770492
12/11/2013,4.311666667
13/11/2013,40.44754098
14/11/2013,3.866666667
15/11/2013,5.595081967
16/11/2013,6.583606557
17/11/2013,0.440983607
18/11/2013,2.813114754
19/11/2013,7.732786885
20/11/2013,4.672131148
21/11/2013,5.741666667
22/11/2013,29.1
23/11/2013,2.231666667
24/11/2013,3.986666667
25/11/2013,13.59491525
26/11/2013,2.533898305
27/11/2013,9.111666667
28/11/2013,3.566666667
29/11/2013,14.195
30/11/2013,37.48474576
1/12/2013,21.47288136
2/12/2013,8.772881356
3/12/2013,56.37627119
4/12/2013,1.545762712
5/12/2013,1.628813559
6/12/2013,21.28813559
7/12/2013,0.006779661
8/12/2013,23.04067797
9/12/2013,0.094915254
10/12/2013,4.725423729
11/12/2013,8.569491525
12/12/2013,7.220338983
13/12/2013,2.986440678
14/12/2013,12.55084746
15/12/2013,11.60338983
16/12/2013,0.013559322
17/12/2013,0.015254237
18/12/2013,60.11186441
19/12/2013,1.018644068
20/12/2013,14.07627119
21/12/2013,0.038983051
22/12/2013,0.283050847
23/12/2013,1.138983051
24/12/2013,0.222033898
25/12/2013,0.284745763
26/12/2013,10.5637931
27/12/2013,3.070689655
28/12/2013,2.494827586
29/12/2013,0.25
30/12/2013,3.281034483
31/12/2013,1.352542373
1/1/2014,0.023728814
2/1/2014,0.077966102
3/1/2014,3.249152542
4/1/2014,9.451724138
5/1/2014,6.455172414
6/1/2014,41.9559322
7/1/2014,1.710169492
8/1/2014,0
9/1/2014,2.433898305
10/1/2014,0.527586207
11/1/2014,5.006779661
12/1/2014,2.508474576
13/1/2014,0.006779661
14/1/2014,0.020338983
15/1/2014,0.118644068
16/1/2014,0.013559322
17/1/2014,0
18/1/2014,0
19/1/2014,0
20/1/2014,0
21/1/2014,0
22/1/2014,0
23/1/2014,0
24/1/2014,0
25/1/2014,0
26/1/2014,0
27/1/2014,0
28/1/2014,0
29/1/2014,0
30/1/2014,0
31/1/2014,0
1/2/2014,0
2/2/2014,0.003389831
3/2/2014,0
4/2/2014,0
5/2/2014,0
6/2/2014,0
7/2/2014,0
8/2/2014,5.055932203
9/2/2014,1.428813559
10/2/2014,0.020338983
11/2/2014,0
12/2/2014,0.101694915
13/2/2014,0.393220339
14/2/2014,4.606779661
15/2/2014,0.013559322
16/2/2014,4.038983051
17/2/2014,0.020338983
18/2/2014,0.491803279
19/2/2014,0.003278689
20/2/2014,0
21/2/2014,0
22/2/2014,0
23/2/2014,0
24/2/2014,0
25/2/2014,0
26/2/2014,0
27/2/2014,0
28/2/2014,0
1/3/2014,0.103225806
2/3/2014,0
3/3/2014,0.329032258
4/3/2014,0
5/3/2014,0
6/3/2014,0
7/3/2014,0
8/3/2014,0.13968254
9/3/2014,0
10/3/2014,0
11/3/2014,0
12/3/2014,0
13/3/2014,0
14/3/2014,0
15/3/2014,0.234920635
16/3/2014,31.43870968
17/3/2014,19.80806452
18/3/2014,24.13387097
19/3/2014,9.827419355
20/3/2014,17.39508197
21/3/2014,4.246774194
22/3/2014,0.003225806
23/3/2014,0
24/3/2014,0
25/3/2014,0.022222222
26/3/2014,0.520634921
27/3/2014,0.151612903
28/3/2014,1.158064516
29/3/2014,4.111290323
30/3/2014,2.15
31/3/2014,1.372131148
1/4/2014,2.303225806
2/4/2014,0.238709677
3/4/2014,0.780645161
4/4/2014,8.330645161
5/4/2014,27.50322581
6/4/2014,0.358064516
7/4/2014,1.062903226
8/4/2014,6.844444444
9/4/2014,2.136507937
10/4/2014,3.464516129
11/4/2014,9.136507937
12/4/2014,3.725396825
13/4/2014,5.228571429
14/4/2014,26.78888889
15/4/2014,2.546774194
16/4/2014,3.222580645
17/4/2014,9.604761905
18/4/2014,14.2984127
19/4/2014,0.012698413
20/4/2014,2.276190476
21/4/2014,5.701587302
22/4/2014,3.447619048
23/4/2014,14.81587302
24/4/2014,9.342857143
25/4/2014,7.549206349
26/4/2014,5.534920635
27/4/2014,6.255555556
28/4/2014,9.463492063
29/4/2014,7.627419355
30/4/2014,3.566666667
1/5/2014,5.006349206
2/5/2014,0.766666667
3/5/2014,6.153968254
4/5/2014,7.906557377
5/5/2014,4.29516129
6/5/2014,3.352380952
7/5/2014,21.16349206
8/5/2014,10.52222222
9/5/2014,3.466666667
10/5/2014,0.056451613
11/5/2014,4.709677419
12/5/2014,2.811290323
13/5/2014,0
14/5/2014,13.43174603
15/5/2014,1.128571429
16/5/2014,21.56507937
17/5/2014,12.72380952
18/5/2014,37.14603175
19/5/2014,19.92539683
20/5/2014,5.463492063
21/5/2014,5.379365079
22/5/2014,0.071428571
23/5/2014,13.83809524
24/5/2014,0.00952381
25/5/2014,1.241269841
26/5/2014,4.879365079
27/5/2014,1.372580645
28/5/2014,4.650793651
29/5/2014,2.492063492
30/5/2014,15.16825397
31/5/2014,0.793650794
1/6/2014,12.67460317
2/6/2014,2.207936508
3/6/2014,0.692063492
4/6/2014,8.692063492
5/6/2014,13.83492063
6/6/2014,21.67936508
7/6/2014,1.788888889
8/6/2014,0.188888889
9/6/2014,0.83015873
10/6/2014,2.177777778
11/6/2014,0.041269841
12/6/2014,10.36666667
13/6/2014,0
14/6/2014,12.75873016
15/6/2014,3.441269841
16/6/2014,0
17/6/2014,0
18/6/2014,9.425806452
19/6/2014,7.103225806
20/6/2014,0
21/6/2014,0
22/6/2014,4.470967742
23/6/2014,0
24/6/2014,10.07704918
25/6/2014,8.92295082
26/6/2014,0.285245902
27/6/2014,0.532786885
28/6/2014,0
29/6/2014,5.893548387
30/6/2014,19.2852459
1/7/2014,0.078688525
2/7/2014,0
3/7/2014,1.232786885
4/7/2014,3.655737705
5/7/2014,28.17213115
6/7/2014,2.001639344
7/7/2014,21.79344262
8/7/2014,19.08032787
9/7/2014,29.70491803
10/7/2014,1.206557377
11/7/2014,8.250819672
12/7/2014,0.86557377
13/7/2014,0
14/7/2014,0
15/7/2014,0
16/7/2014,0.013114754
17/7/2014,9.423333333
18/7/2014,0
19/7/2014,2.719672131
20/7/2014,0
21/7/2014,0.08852459
22/7/2014,0.083606557
23/7/2014,0.439344262
24/7/2014,0
25/7/2014,0
26/7/2014,0
27/7/2014,21.1852459
28/7/2014,0.124590164
29/7/2014,33.22622951
30/7/2014,17.8852459
31/7/2014,2.081666667
1/8/2014,1.309677419
2/8/2014,10.81612903
3/8/2014,2.1
4/8/2014,0.216129032
5/8/2014,9.740322581
6/8/2014,11.53870968
7/8/2014,2.94516129
8/8/2014,0.335483871
9/8/2014,0.082258065
10/8/2014,6.443548387
11/8/2014,3.780327869
12/8/2014,9.530645161
13/8/2014,1.240322581
14/8/2014,8.317741935
15/8/2014,30.13770492
16/8/2014,0.127868852
17/8/2014,0.019672131
18/8/2014,0.683333333
19/8/2014,12.28852459
20/8/2014,2.203278689
21/8/2014,13.35245902
22/8/2014,0.603278689
23/8/2014,6.544262295
24/8/2014,1.518032787
25/8/2014,9.836065574
26/8/2014,8.962295082
27/8/2014,21.1
28/8/2014,17.45254237
29/8/2014,12.87966102
30/8/2014,2.268333333
31/8/2014,4.713333333
1/9/2014,0
2/9/2014,0
3/9/2014,39.56551724
4/9/2014,0.037288136
5/9/2014,3.232758621
6/9/2014,0.847457627
7/9/2014,0.411864407
8/9/2014,0.003389831
9/9/2014,3.483050847
10/9/2014,0.186440678
11/9/2014,19.42931034
12/9/2014,0.040677966
13/9/2014,0.26440678
14/9/2014,0
15/9/2014,0
16/9/2014,0
17/9/2014,2.189830508
18/9/2014,0.430508475
19/9/2014,1.847457627
20/9/2014,15.94655172
21/9/2014,3.822413793
22/9/2014,0
23/9/2014,0
24/9/2014,19.52982456
25/9/2014,16.20714286
26/9/2014,0.070175439
27/9/2014,0
28/9/2014,0.147368421
29/9/2014,0
30/9/2014,0
1/10/2014,0.118644068
2/10/2014,0
3/10/2014,0
4/10/2014,24.78166667
5/10/2014,0.27
6/10/2014,0
7/10/2014,0.003333333
8/10/2014,0
9/10/2014,0.05
10/10/2014,0
11/10/2014,0.261666667
12/10/2014,0.783333333
13/10/2014,2.258333333
14/10/2014,8.971666667
15/10/2014,1.613333333
16/10/2014,8.863333333
17/10/2014,8.598387097
18/10/2014,11.12786885
19/10/2014,0.132258065
20/10/2014,0.496774194
21/10/2014,13.51967213
22/10/2014,4.261290323
23/10/2014,0.012903226
24/10/2014,0
25/10/2014,0
26/10/2014,1.138709677
27/10/2014,16.56290323
28/10/2014,4.961290323
29/10/2014,0.719354839
30/10/2014,5.387096774
31/10/2014,15.31935484
1/11/2014,2.55
2/11/2014,0.05
3/11/2014,0.01
4/11/2014,0.066666667
5/11/2014,12.18
6/11/2014,18.655
7/11/2014,14.83333333
8/11/2014,41.63389831
9/11/2014,10.935
10/11/2014,3.208333333
11/11/2014,14.30666667
12/11/2014,11.94166667
13/11/2014,20.875
14/11/2014,1.131666667
15/11/2014,6.038333333
16/11/2014,7.461666667
17/11/2014,19.42372881
18/11/2014,5.374576271
19/11/2014,0.437288136
20/11/2014,12.3637931
21/11/2014,0.818644068
22/11/2014,3.171186441
23/11/2014,17.80166667
24/11/2014,19.26271186
25/11/2014,13.10833333
26/11/2014,29.73389831
27/11/2014,0.801666667
28/11/2014,2.471666667
29/11/2014,13.81666667
30/11/2014,0.016666667
1/12/2014,11.00166667
2/12/2014,0.016666667
3/12/2014,0.063333333
4/12/2014,37.99830508
5/12/2014,0.006779661
6/12/2014,11.56166667
7/12/2014,28.17118644
8/12/2014,3.805084746
9/12/2014,0.476271186
10/12/2014,0.298360656
11/12/2014,17.805
12/12/2014,2.769491525
13/12/2014,20.67213115
14/12/2014,1.706557377
15/12/2014,0.586885246
16/12/2014,1.368852459
17/12/2014,37.02459016
18/12/2014,11.94166667
19/12/2014,28.6
20/12/2014,12.98196721
21/12/2014,12.46666667
22/12/2014,3.401666667
23/12/2014,2.637704918
24/12/2014,15.1442623
25/12/2014,1.809836066
26/12/2014,54.02786885
27/12/2014,26.18833333
28/12/2014,2.213333333
29/12/2014,4.615
30/12/2014,0
31/12/2014,0.02295082
1/1/2015,0.3
2/1/2015,0.009836066
3/1/2015,0.272131148
4/1/2015,0.003278689
5/1/2015,0.14
6/1/2015,31.08032787
7/1/2015,6.586885246
8/1/2015,15.39836066
9/1/2015,1.236065574
10/1/2015,3.606557377
11/1/2015,7.175409836
12/1/2015,0.57704918
13/1/2015,0
14/1/2015,0.003333333
15/1/2015,0
16/1/2015,0
17/1/2015,0
18/1/2015,0
19/1/2015,0.059016393
20/1/2015,0
21/1/2015,19.65081967
22/1/2015,0.016393443
23/1/2015,0.154098361
24/1/2015,0.53442623
25/1/2015,0.626229508
26/1/2015,0
27/1/2015,0
28/1/2015,0.875409836
29/1/2015,0.006557377
30/1/2015,0.129032258
31/1/2015,0
1/2/2015,0
2/2/2015,2.503225806
3/2/2015,0.019354839
4/2/2015,3.458064516
5/2/2015,0.167741935
6/2/2015,12.93387097
7/2/2015,0.051612903
8/2/2015,0
9/2/2015,0
10/2/2015,0
11/2/2015,0
12/2/2015,0.041935484
13/2/2015,0
14/2/2015,0
15/2/2015,0
16/2/2015,0
17/2/2015,0
18/2/2015,1.493548387
19/2/2015,20.71612903
20/2/2015,0
21/2/2015,0
22/2/2015,0.038709677
23/2/2015,9.475806452
24/2/2015,0.016129032
25/2/2015,3.591935484
26/2/2015,0.363934426
27/2/2015,0
28/2/2015,0
1/3/2015,0.425806452
2/3/2015,7.736666667
3/3/2015,0.06
4/3/2015,6.375409836
5/3/2015,0.186666667
6/3/2015,0.140983607
7/3/2015,0
8/3/2015,2.941935484
9/3/2015,8.29516129
10/3/2015,1.293333333
11/3/2015,12.81129032
12/3/2015,0.036065574
13/3/2015,0
14/3/2015,14.25
15/3/2015,3.835483871
16/3/2015,3.578688525
17/3/2015,2.598387097
18/3/2015,0.022580645
19/3/2015,8.316129032
20/3/2015,0.148387097
21/3/2015,7.403225806
22/3/2015,38.16065574
23/3/2015,0.685245902
24/3/2015,0.098387097
25/3/2015,0
26/3/2015,0.035483871
27/3/2015,0.00483871
28/3/2015,5.091935484
29/3/2015,23.49516129
30/3/2015,0.221311475
31/3/2015,10.53442623
1/4/2015,10.63709677
2/4/2015,27.78225806
3/4/2015,1.564516129
4/4/2015,5.751612903
5/4/2015,6.925806452
6/4/2015,4.251612903
7/4/2015,3.419354839
8/4/2015,0.840322581
9/4/2015,0.25483871
10/4/2015,0.409677419
11/4/2015,8.335483871
12/4/2015,6.472580645
13/4/2015,0.241935484
14/4/2015,0
15/4/2015,0.835483871
16/4/2015,0.003225806
17/4/2015,2.75483871
18/4/2015,2.938709677
19/4/2015,8.761290323
20/4/2015,0.046774194
21/4/2015,7.366129032
22/4/2015,10.72903226
23/4/2015,5.962903226
24/4/2015,17.87258065
25/4/2015,14.81451613
26/4/2015,8.432258065
27/4/2015,8.65483871
28/4/2015,35.86612903
29/4/2015,2.072580645
30/4/2015,7.703333333
1/5/2015,0.433333333
2/5/2015,4.657627119
3/5/2015,56.60862069
4/5/2015,0.594827586
5/5/2015,0.493103448
6/5/2015,6.05862069
7/5/2015,4.347457627
8/5/2015,8.14
9/5/2015,0.003333333
10/5/2015,0.38
11/5/2015,0
12/5/2015,1.354237288
13/5/2015,3.618644068
14/5/2015,10.12881356
15/5/2015,19.42833333
16/5/2015,2.591666667
17/5/2015,1.908474576
18/5/2015,21.14237288
19/5/2015,4.766101695
20/5/2015,5.559322034
21/5/2015,0.023333333
22/5/2015,3.138333333
23/5/2015,14.945
24/5/2015,0.028333333
25/5/2015,2.206666667
26/5/2015,6.706666667
27/5/2015,1.076666667
28/5/2015,0.171666667
29/5/2015,0.181666667
30/5/2015,0.055
31/5/2015,0.526666667
1/6/2015,0.241935484
2/6/2015,3.814516129
3/6/2015,0.017741935
4/6/2015,2.501612903
5/6/2015,0.203225806
6/6/2015,8.866129032
7/6/2015,11.35
8/6/2015,10.19354839
9/6/2015,0.885245902
10/6/2015,0.452459016
11/6/2015,1.251612903
12/6/2015,16.58064516
13/6/2015,0.083870968
14/6/2015,9.474193548
15/6/2015,0.441935484
16/6/2015,9.879032258
17/6/2015,0.962903226
18/6/2015,0.048387097
19/6/2015,0
20/6/2015,0
21/6/2015,0
22/6/2015,0
23/6/2015,0
24/6/2015,0.496774194
25/6/2015,0.006451613
26/6/2015,0
27/6/2015,0
28/6/2015,0.293548387
29/6/2015,0
30/6/2015,0
1/7/2015,5.063934426
2/7/2015,0.333870968
3/7/2015,0.041935484
4/7/2015,23.57258065
5/7/2015,0
6/7/2015,0.461290323
7/7/2015,0.266129032
8/7/2015,7.174193548
9/7/2015,0.582258065
10/7/2015,9.187096774
11/7/2015,1.496774194
12/7/2015,0.236065574
13/7/2015,0.847540984
14/7/2015,14.90645161
15/7/2015,0.016129032
16/7/2015,2.196774194
17/7/2015,11.42903226
18/7/2015,0.837096774
19/7/2015,0.725806452
20/7/2015,0.129508197
21/7/2015,0.527868852
22/7/2015,0
23/7/2015,0.072131148
24/7/2015,0.358333333
25/7/2015,0
26/7/2015,2.806557377
27/7/2015,0.606557377
28/7/2015,2.379032258
29/7/2015,0.042622951
30/7/2015,1.859016393
31/7/2015,7.663934426
1/8/2015,0.619354839
2/8/2015,0.212903226
3/8/2015,22.6016129
4/8/2015,23.60655738
5/8/2015,0.129032258
6/8/2015,14.85483871
7/8/2015,21.95322581
8/8/2015,18.88548387
9/8/2015,10.4483871
10/8/2015,0.693548387
11/8/2015,9.269354839
12/8/2015,9.835483871
13/8/2015,0.558064516
14/8/2015,0
15/8/2015,0.164516129
16/8/2015,1.417741935
17/8/2015,1.629032258
18/8/2015,0.009677419
19/8/2015,0
20/8/2015,0
21/8/2015,6.9
22/8/2015,0.658064516
23/8/2015,0
24/8/2015,0.012903226
25/8/2015,8.229032258
26/8/2015,0.89516129
27/8/2015,0
28/8/2015,0
29/8/2015,0.006557377
30/8/2015,1.354098361
31/8/2015,0.036065574
1/9/2015,0.118644068
2/9/2015,0.003333333
3/9/2015,3.563333333
4/9/2015,4.331147541
5/9/2015,0.098360656
6/9/2015,0
7/9/2015,0
8/9/2015,0
9/9/2015,16.93606557
10/9/2015,0.006557377
11/9/2015,0
12/9/2015,0
13/9/2015,0
14/9/2015,1.704918033
15/9/2015,24.84590164
16/9/2015,10.99180328
17/9/2015,0.006557377
18/9/2015,0.006557377
19/9/2015,0
20/9/2015,2.642622951
21/9/2015,6.055737705
22/9/2015,3.029508197
23/9/2015,0.003333333
24/9/2015,0
25/9/2015,0
26/9/2015,0
27/9/2015,0.64
28/9/2015,28.71666667
29/9/2015,0.233898305
30/9/2015,7.076271186
1/10/2015,0.455
2/10/2015,14.76166667
3/10/2015,0.006666667
4/10/2015,0
5/10/2015,4.12
6/10/2015,11.64666667
7/10/2015,10.94666667
8/10/2015,1.158333333
9/10/2015,0
10/10/2015,0
11/10/2015,0
12/10/2015,0.003333333
13/10/2015,2.455
14/10/2015,1.226666667
15/10/2015,0
16/10/2015,0
17/10/2015,0
18/10/2015,0
19/10/2015,0
20/10/2015,0
21/10/2015,0
22/10/2015,0
23/10/2015,0
24/10/2015,5.747540984
25/10/2015,2.168852459
26/10/2015,0.116666667
27/10/2015,4.2
28/10/2015,18.98852459
29/10/2015,0.104918033
30/10/2015,10.87457627
31/10/2015,5.291666667
1/11/2015,3.428813559
2/11/2015,9.208474576
3/11/2015,0.598275862
4/11/2015,1.479661017
5/11/2015,0.525423729
6/11/2015,1.194915254
7/11/2015,20.18965517
8/11/2015,4.715517241
9/11/2015,6.80862069
10/11/2015,2.320689655
11/11/2015,12.69464286
12/11/2015,2.714035088
13/11/2015,13.05964912
14/11/2015,0.063157895
15/11/2015,3.185964912
16/11/2015,24.9
17/11/2015,25.41785714
18/11/2015,0
19/11/2015,5.073684211
20/11/2015,11.43214286
21/11/2015,10.08928571
22/11/2015,0.216071429
23/11/2015,0.025
24/11/2015,27.62181818
25/11/2015,15.73035714
26/11/2015,14.07857143
27/11/2015,3.469642857
28/11/2015,3.545614035
29/11/2015,3.545614035
30/11/2015,20.04655172
1/12/2015,32.51896552
2/12/2015,7.775438596
3/12/2015,5.403448276
4/12/2015,4.465517241
5/12/2015,35.14827586
6/12/2015,11.6137931
7/12/2015,0.055172414
8/12/2015,21.51896552
9/12/2015,3.252542373
10/12/2015,28.27833333
11/12/2015,28.84833333
12/12/2015,22.225
13/12/2015,16.09833333
14/12/2015,3.04
15/12/2015,0.023333333
16/12/2015,0.56
17/12/2015,0.02
18/12/2015,3.751666667
19/12/2015,0.276666667
20/12/2015,0
21/12/2015,0.145
22/12/2015,0.316666667
23/12/2015,8.021666667
24/12/2015,24.47166667
25/12/2015,3.813333333
26/12/2015,0.003333333
27/12/2015,1.173333333
28/12/2015,17.73
29/12/2015,16.11355932
30/12/2015,0.308333333
31/12/2015,9.486666667
1/1/2016,6.720338983
2/1/2016,20.17966102
3/1/2016,3.122413793
4/1/2016,4.375862069
5/1/2016,0.351724138
6/1/2016,1.281355932
7/1/2016,0
8/1/2016,0.013559322
9/1/2016,1.596610169
10/1/2016,0.026666667
11/1/2016,12.455
12/1/2016,0.056666667
13/1/2016,0.463333333
14/1/2016,7.663333333
15/1/2016,15.075
16/1/2016,6.561666667
17/1/2016,15.73220339
18/1/2016,11.62068966
19/1/2016,2.617241379
20/1/2016,4.727118644
21/1/2016,0.331034483
22/1/2016,18.62881356
23/1/2016,7.996491228
24/1/2016,0.577586207
25/1/2016,6.779310345
26/1/2016,4.348275862
27/1/2016,0.186206897
28/1/2016,12.66034483
29/1/2016,8.529310345
30/1/2016,0.037931034
31/1/2016,6.905172414
1/2/2016,0.010526316
2/2/2016,4.35
3/2/2016,0.048275862
4/2/2016,7.610526316
5/2/2016,11.26315789
6/2/2016,7.810526316
7/2/2016,24.58245614
8/2/2016,0.189285714
9/2/2016,0.007142857
10/2/2016,1.098214286
11/2/2016,0.121428571
12/2/2016,13.36964286
13/2/2016,0.2
14/2/2016,12.44464286
15/2/2016,0.880701754
16/2/2016,0.010526316
17/2/2016,0
18/2/2016,0.856896552
19/2/2016,82.25932203
20/2/2016,4.844827586
21/2/2016,0.003448276
22/2/2016,0.05862069
23/2/2016,0.249122807
24/2/2016,15.81206897
25/2/2016,0.19137931
26/2/2016,0.019298246
27/2/2016,0
28/2/2016,0.24137931
29/2/2016,0.096551724
1/3/2016,0.013559322
2/3/2016,0
3/3/2016,0.037288136
4/3/2016,1.475862069
5/3/2016,2.979310345
6/3/2016,0.134482759
7/3/2016,1.387931034
8/3/2016,18.46101695
9/3/2016,0.077966102
10/3/2016,10.39661017
11/3/2016,0.044067797
12/3/2016,0
13/3/2016,16.51864407
14/3/2016,2.93559322
15/3/2016,0.023728814
16/3/2016,0
17/3/2016,0.301694915
18/3/2016,0.708474576
19/3/2016,0
20/3/2016,2.657627119
21/3/2016,9.089830508
22/3/2016,1.115254237
23/3/2016,0
24/3/2016,3.650847458
25/3/2016,2.352542373
26/3/2016,0.003389831
27/3/2016,0
28/3/2016,0
29/3/2016,0.124137931
30/3/2016,0
31/3/2016,0.396610169
1/4/2016,0.003389831
2/4/2016,0.245762712
3/4/2016,13.73050847
4/4/2016,3.311864407
5/4/2016,5.996610169
6/4/2016,0.013559322
7/4/2016,0.572881356
8/4/2016,0.772881356
9/4/2016,22.50508475
10/4/2016,5.213559322
11/4/2016,0.586440678
12/4/2016,5.501694915
13/4/2016,3.494915254
14/4/2016,2.625423729
15/4/2016,2.350847458
16/4/2016,8.279661017
17/4/2016,6.194915254
18/4/2016,0.057627119
19/4/2016,0.003389831
20/4/2016,15.27457627
21/4/2016,0.752542373
22/4/2016,13.09491525
23/4/2016,10.24915254
24/4/2016,1.249152542
25/4/2016,12.39830508
26/4/2016,2.888135593
27/4/2016,6.744067797
28/4/2016,3.698305085
29/4/2016,14.19491525
30/4/2016,11.11186441
1/5/2016,0.433898305
2/5/2016,11.07966102
3/5/2016,0.342372881
4/5/2016,0.006779661
5/5/2016,8.227118644
6/5/2016,3.033898305
7/5/2016,2.874576271
8/5/2016,0.686440678
9/5/2016,3.879661017
10/5/2016,0.016949153
11/5/2016,29.3779661
12/5/2016,1.289830508
13/5/2016,6.525423729
14/5/2016,23.35254237
15/5/2016,12.23050847
16/5/2016,12.72711864
17/5/2016,4.249152542
18/5/2016,18.87966102
19/5/2016,1.503389831
20/5/2016,0.183050847
21/5/2016,9.961016949
22/5/2016,30.24745763
23/5/2016,1.586440678
24/5/2016,2.249152542
25/5/2016,5.377966102
26/5/2016,0.191525424
27/5/2016,0
28/5/2016,15.00847458
29/5/2016,1.074576271
30/5/2016,2.422033898
31/5/2016,0.1
1/6/2016,16.58965517
2/6/2016,12.25862069
3/6/2016,0.920689655
4/6/2016,1.503448276
5/6/2016,0.017241379
6/6/2016,4.434482759
7/6/2016,0.651724138
8/6/2016,25.14310345
9/6/2016,10.70517241
10/6/2016,2.501724138
11/6/2016,4.893103448
12/6/2016,0.972413793
13/6/2016,4.589655172
14/6/2016,1.006896552
15/6/2016,20.16551724
16/6/2016,7.50862069
17/6/2016,53.68392857
18/6/2016,0.760714286
19/6/2016,0.021428571
20/6/2016,0.025
21/6/2016,0.4375
22/6/2016,7.260714286
23/6/2016,0.014285714
24/6/2016,40.07857143
25/6/2016,0.760714286
26/6/2016,0.408928571
27/6/2016,0.007142857
28/6/2016,0.003571429
29/6/2016,0
30/6/2016,0.075
1/7/2016,0
2/7/2016,0
3/7/2016,0
4/7/2016,0
5/7/2016,0
6/7/2016,6.934545455
7/7/2016,2.803636364
8/7/2016,20.91818182
9/7/2016,0
10/7/2016,0
11/7/2016,12.00178571
12/7/2016,0.003571429
13/7/2016,15.87142857
14/7/2016,8.9625
15/7/2016,20.85714286
16/7/2016,0.1375
17/7/2016,6.373214286
18/7/2016,7.344642857
19/7/2016,17.34107143
20/7/2016,38.47142857
21/7/2016,21.74642857
22/7/2016,9.641818182
23/7/2016,4.574545455
24/7/2016,9.876785714
25/7/2016,0.303636364
26/7/2016,20.02909091
27/7/2016,0
28/7/2016,15.67272727
29/7/2016,0.003636364
30/7/2016,0.011320755
31/7/2016,6.553703704
1/8/2016,3.621818182
2/8/2016,0.014285714
3/8/2016,6.686792453
4/8/2016,0
5/8/2016,0.308928571
6/8/2016,7.04
7/8/2016,0.103448276
8/8/2016,0
9/8/2016,0.672413793
10/8/2016,0
11/8/2016,6.939285714
12/8/2016,4.935714286
13/8/2016,0.773214286
14/8/2016,0.594642857
15/8/2016,0.561818182
16/8/2016,0
17/8/2016,7.389090909
18/8/2016,0.035714286
19/8/2016,22.66603774
20/8/2016,2.316363636
21/8/2016,19.97115385
22/8/2016,0.010714286
23/8/2016,2.48
24/8/2016,30.88269231
25/8/2016,0
26/8/2016,0
27/8/2016,1.504
28/8/2016,0.653846154
29/8/2016,0.361538462
30/8/2016,5.983673469
31/8/2016,2.439215686
1/9/2016,8.82244898
2/9/2016,0.028
3/9/2016,0.008163265
4/9/2016,6.289795918
5/9/2016,0.644
6/9/2016,5.125
7/9/2016,20.69387755
8/9/2016,0.016326531
9/9/2016,4.232653061
10/9/2016,9.372916667
11/9/2016,4.893877551
12/9/2016,4.659183673
13/9/2016,0.004081633
14/9/2016,21.81875
15/9/2016,0
16/9/2016,15.00851064
17/9/2016,1.56875
18/9/2016,20.18333333
19/9/2016,14.45833333
20/9/2016,10.42708333
21/9/2016,1.641666667
22/9/2016,0.004081633
23/9/2016,0.004081633
24/9/2016,0.257142857
25/9/2016,1.2875
26/9/2016,0.151020408
27/9/2016,0.187755102
28/9/2016,0.053061224
29/9/2016,0
30/9/2016,3.144897959
1/10/2016,0.348979592
2/10/2016,0.6
3/10/2016,22.04897959
4/10/2016,0.304
5/10/2016,0.448
6/10/2016,5.45625
7/10/2016,49.49375
8/10/2016,0.05
9/10/2016,2.714285714
10/10/2016,0.472
11/10/2016,0
12/10/2016,0.496153846
13/10/2016,0.496153846
14/10/2016,21.45849057
15/10/2016,0.196296296
16/10/2016,7.188888889
17/10/2016,0.081481481
18/10/2016,4.075925926
19/10/2016,16.05925926
20/10/2016,0
21/10/2016,8.531481481
22/10/2016,2.240740741
23/10/2016,0.418518519
24/10/2016,8.39245283
25/10/2016,33.50185185
26/10/2016,1.431481481
27/10/2016,16.80740741
28/10/2016,7.574545455
29/10/2016,12.63272727
30/10/2016,1.056363636
31/10/2016,0.145454545
1/11/2016,26.57169811
2/11/2016,15.32592593
3/11/2016,5.153703704
4/11/2016,4.97962963
5/11/2016,9.4
6/11/2016,0.792592593
7/11/2016,3.133333333
8/11/2016,0.066666667
9/11/2016,7.84
10/11/2016,9.333962264
11/11/2016,10.05
12/11/2016,13.43888889
13/11/2016,2.383333333
14/11/2016,34.95636364
15/11/2016,6.26
16/11/2016,23.18035714
17/11/2016,7.494642857
18/11/2016,10.22857143
19/11/2016,7.364285714
20/11/2016,5.339285714
21/11/2016,2.982142857
22/11/2016,2.546428571
23/11/2016,3.964285714
24/11/2016,0.053571429
25/11/2016,15.76727273
26/11/2016,22.62
27/11/2016,5.08
28/11/2016,0
29/11/2016,0.154545455
30/11/2016,0
1/12/2016,10.51964286
2/12/2016,2.717857143
3/12/2016,3.339285714
4/12/2016,2.757142857
5/12/2016,10.40535714
6/12/2016,4.421428571
7/12/2016,1.535714286
8/12/2016,0.351785714
9/12/2016,11.02321429
10/12/2016,2.118181818
11/12/2016,3.590909091
12/12/2016,0.003571429
13/12/2016,0.608928571
14/12/2016,0.082142857
15/12/2016,0.007142857
16/12/2016,0.430357143
17/12/2016,10.83035714
18/12/2016,18.19464286
19/12/2016,1.496428571
20/12/2016,0.128571429
21/12/2016,1.271428571
22/12/2016,24.71607143
23/12/2016,27.65535714
24/12/2016,35.20526316
25/12/2016,16.51403509
26/12/2016,0.024561404
27/12/2016,4.966666667
28/12/2016,2.875438596
29/12/2016,0
30/12/2016,5.003508772
31/12/2016,0.003508772
1/1/2017,16.09122807
2/1/2017,13.77931034
3/1/2017,2.596491228
4/1/2017,2.620689655
5/1/2017,1.865517241
6/1/2017,0.124137931
7/1/2017,0
8/1/2017,0.201724138
9/1/2017,0
10/1/2017,7.272413793
11/1/2017,11.11724138
12/1/2017,0.013793103
13/1/2017,0.644827586
14/1/2017,0.320689655
15/1/2017,1.113793103
16/1/2017,0.267857143
17/1/2017,0.04137931
18/1/2017,21.84482759
19/1/2017,31.49137931
20/1/2017,4.670175439
21/1/2017,25.40689655
22/1/2017,14.88793103
23/1/2017,73.68070175
24/1/2017,14.8754386
25/1/2017,5.401754386
26/1/2017,2.466666667
27/1/2017,0.749122807
28/1/2017,4.038596491
29/1/2017,0.110526316
30/1/2017,5.675438596
31/1/2017,0.09122807
1/2/2017,0.544827586
2/2/2017,1.778947368
3/2/2017,16.78070175
4/2/2017,13.20526316
5/2/2017,2.215789474
6/2/2017,0.89122807
7/2/2017,12.18421053
8/2/2017,31.13928571
9/2/2017,0.267857143
10/2/2017,0.007142857
11/2/2017,0.201785714
12/2/2017,3.619642857
13/2/2017,2.538181818
14/2/2017,1.803636364
15/2/2017,8.872727273
16/2/2017,0.08
17/2/2017,0
18/2/2017,0
19/2/2017,0.432727273
20/2/2017,2.033928571
21/2/2017,9.766666667
22/2/2017,0.112280702
23/2/2017,10.84285714
24/2/2017,18.98947368
25/2/2017,6.668421053
26/2/2017,2.670175439
27/2/2017,0.70877193
28/2/2017,10.94821429
1/3/2017,27.65090909
2/3/2017,0.438181818
3/3/2017,19.04363636
4/3/2017,6.363636364
5/3/2017,6.496363636
6/3/2017,12.30363636
7/3/2017,1.867272727
8/3/2017,1.403636364
9/3/2017,0.189090909
10/3/2017,0
11/3/2017,9.523636364
12/3/2017,12.12
13/3/2017,3.3
14/3/2017,2.443636364
15/3/2017,0
16/3/2017,2.538181818
17/3/2017,8.398181818
18/3/2017,6.341818182
19/3/2017,2.638181818
20/3/2017,8.772222222
21/3/2017,2.842592593
22/3/2017,8.225
23/3/2017,0.037735849
24/3/2017,0.792592593
25/3/2017,18.3462963
26/3/2017,0.966666667
27/3/2017,1.033962264
28/3/2017,4.412962963
29/3/2017,11.62363636
30/3/2017,10.87272727
31/3/2017,7.498181818
1/4/2017,6.469090909
2/4/2017,0.803703704
3/4/2017,7.274074074
4/4/2017,6.239285714
5/4/2017,1.340350877
6/4/2017,1.630357143
7/4/2017,16.60188679
8/4/2017,3.615384615
9/4/2017,5.218867925
10/4/2017,2.496153846
11/4/2017,2.547058824
12/4/2017,15.07692308
13/4/2017,16.47884615
14/4/2017,14.88039216
15/4/2017,10.69215686
16/4/2017,3.149019608
17/4/2017,11.72745098
18/4/2017,37.03
19/4/2017,0.798
20/4/2017,7.794117647
21/4/2017,31.76530612
22/4/2017,5.578846154
23/4/2017,1.498039216
24/4/2017,11.69803922
25/4/2017,9.12745098
26/4/2017,7.593617021
27/4/2017,16.75714286
28/4/2017,13.72340426
29/4/2017,1.340425532
30/4/2017,1.987234043
1/5/2017,0.78
2/5/2017,10.04583333
3/5/2017,0.43125
4/5/2017,9.413461538
5/5/2017,1.73
6/5/2017,5.874509804
7/5/2017,5.703773585
8/5/2017,0.162962963
9/5/2017,3.36
10/5/2017,10.612
11/5/2017,1.228
12/5/2017,15.87962963
13/5/2017,2.65
14/5/2017,0.52
15/5/2017,12.21875
16/5/2017,2.188636364
17/5/2017,0.274509804
18/5/2017,3.262745098
19/5/2017,0.330909091
20/5/2017,0.040740741
21/5/2017,14.75714286
22/5/2017,25.56734694
23/5/2017,0.232692308
24/5/2017,39.73333333
25/5/2017,0.191666667
26/5/2017,22.30612245
27/5/2017,0.646808511
28/5/2017,0.357446809
29/5/2017,0.92
30/5/2017,25.2893617
31/5/2017,42.5375
1/6/2017,6.980851064
2/6/2017,0
3/6/2017,0
4/6/2017,0
5/6/2017,0.089285714
6/6/2017,0
7/6/2017,0.896296296
8/6/2017,2.892592593
9/6/2017,0.007142857
10/6/2017,13.98039216
11/6/2017,0.054545455
12/6/2017,0.037037037
13/6/2017,0.646153846
14/6/2017,24.65102041
15/6/2017,1.021428571
16/6/2017,6.716981132
17/6/2017,0.271698113
18/6/2017,31.3490566
19/6/2017,0.078947368
20/6/2017,0.818181818
21/6/2017,3.701851852
22/6/2017,0.032727273
23/6/2017,8.355102041
24/6/2017,0
25/6/2017,13.69056604
26/6/2017,3.384
27/6/2017,1.811111111
28/6/2017,12.54081633
29/6/2017,6.625
30/6/2017,0.004081633
1/7/2017,0.032
2/7/2017,0.874
3/7/2017,3.72173913
4/7/2017,0
5/7/2017,28.2244898
6/7/2017,0.329787234
7/7/2017,0.6
8/7/2017,7.098039216
9/7/2017,1.318367347
10/7/2017,0.501851852
11/7/2017,12.59056604
12/7/2017,17.68867925
13/7/2017,7.352941176
14/7/2017,40.92777778
15/7/2017,7.72
16/7/2017,0.198076923
17/7/2017,0
18/7/2017,0
19/7/2017,0
20/7/2017,0.032142857
21/7/2017,0
22/7/2017,0
23/7/2017,0
24/7/2017,0
25/7/2017,0
26/7/2017,4.675925926
27/7/2017,0.003636364
28/7/2017,0
29/7/2017,0.138181818
30/7/2017,0.305660377
31/7/2017,0.026923077
1/8/2017,2.812962963
2/8/2017,0.036363636
3/8/2017,0
4/8/2017,0
5/8/2017,0.169642857
6/8/2017,8.483636364
7/8/2017,1.901818182
8/8/2017,4.909090909
9/8/2017,0.948148148
10/8/2017,0.054545455
11/8/2017,27.31785714
12/8/2017,13.74259259
13/8/2017,1.40754717
14/8/2017,1.130909091
15/8/2017,14.03272727
16/8/2017,0
17/8/2017,36.0875
18/8/2017,7.070909091
19/8/2017,4.361818182
20/8/2017,1.185185185
21/8/2017,3.603636364
22/8/2017,1.510526316
23/8/2017,0
24/8/2017,2.314035088
25/8/2017,0.153571429
26/8/2017,0
27/8/2017,6.528846154
28/8/2017,1.358928571
29/8/2017,1.450909091
30/8/2017,0.858181818
31/8/2017,0.039285714
1/9/2017,0.728070175
2/9/2017,0
3/9/2017,0.056140351
4/9/2017,0.080701754
5/9/2017,5.364912281
6/9/2017,18.61607143
7/9/2017,3.822807018
8/9/2017,17.26842105
9/9/2017,2.580701754
10/9/2017,4.094736842
11/9/2017,13.85555556
12/9/2017,0
13/9/2017,0
14/9/2017,5.441509434
15/9/2017,13.32592593
16/9/2017,13.08113208
17/9/2017,6.763636364
18/9/2017,20.87592593
19/9/2017,8.987272727
20/9/2017,8.828301887
21/9/2017,5.832727273
22/9/2017,1.6
23/9/2017,4.431578947
24/9/2017,8.487719298
25/9/2017,0.380701754
26/9/2017,13.09649123
27/9/2017,1.042105263
28/9/2017,1.771428571
29/9/2017,19.86785714
30/9/2017,1.610714286
1/10/2017,7.936363636
2/10/2017,0.029090909
3/10/2017,7.363636364
4/10/2017,8.418518519
5/10/2017,5.539622642
6/10/2017,14.87818182
7/10/2017,18.56181818
8/10/2017,18.84444444
9/10/2017,18.1
10/10/2017,10.69814815
11/10/2017,8.651851852
12/10/2017,23.96181818
13/10/2017,1.996363636
14/10/2017,0
15/10/2017,0
16/10/2017,0.421818182
17/10/2017,0.003636364
18/10/2017,0
19/10/2017,0.003636364
20/10/2017,0
21/10/2017,1.134545455
22/10/2017,0.890909091
23/10/2017,2.392727273
24/10/2017,4.553703704
25/10/2017,4.694545455
26/10/2017,3.118181818
27/10/2017,2.031481481
28/10/2017,0
29/10/2017,6.031481481
30/10/2017,24.23454545
31/10/2017,3.596226415
1/11/2017,0.176785714
2/11/2017,0.256140351
3/11/2017,17.44642857
4/11/2017,9.138596491
5/11/2017,3.29122807
6/11/2017,47.15090909
7/11/2017,3.894736842
8/11/2017,6.438181818
9/11/2017,28.29454545
10/11/2017,21.02857143
11/11/2017,15.42075472
12/11/2017,6.720833333
13/11/2017,7.356862745
14/11/2017,57.02264151
15/11/2017,0.303571429
16/11/2017,6.281818182
17/11/2017,9.961538462
18/11/2017,13.50363636
19/11/2017,0.821818182
20/11/2017,5.964150943
21/11/2017,9.84
22/11/2017,12.33148148
23/11/2017,11.02075472
24/11/2017,7.503846154
25/11/2017,14.58518519
26/11/2017,5.568518519
27/11/2017,1.628
28/11/2017,3.667924528
29/11/2017,5.554716981
30/11/2017,1.459259259
1/12/2017,0.025454545
2/12/2017,0.018181818
3/12/2017,0.492727273
4/12/2017,2.369090909
5/12/2017,2.669811321
6/12/2017,1.769090909
7/12/2017,6.754716981
8/12/2017,0.02962963
9/12/2017,0.333333333
10/12/2017,22.76923077
11/12/2017,24.97454545
12/12/2017,18.16851852
13/12/2017,20.66296296
14/12/2017,3.72037037
15/12/2017,20.23584906
16/12/2017,7.371698113
17/12/2017,0.018518519
18/12/2017,0.040740741
19/12/2017,1.728301887
20/12/2017,0.138461538
21/12/2017,0
22/12/2017,26.25660377
23/12/2017,6.462264151
24/12/2017,0.049056604
25/12/2017,17.02692308
26/12/2017,4.815686275
27/12/2017,7.188679245
28/12/2017,7.183018868
29/12/2017,1.535849057
30/12/2017,13.49615385
31/12/2017,70.44285714
1/1/2018,42.6173913
2/1/2018,8.20212766
3/1/2018,14.81428571
4/1/2018,0.867307692
5/1/2018,8.783673469
6/1/2018,0
7/1/2018,7.054
8/1/2018,54.39574468
9/1/2018,19.428
10/1/2018,20.19767442
11/1/2018,13.43571429
12/1/2018,8.573170732
13/1/2018,19.21621622
14/1/2018,5.758823529
15/1/2018,0.78
16/1/2018,0.188461538
17/1/2018,0.822641509
18/1/2018,0.730188679
19/1/2018,19.49285714
20/1/2018,11.62909091
21/1/2018,0.555357143
22/1/2018,0.894545455
23/1/2018,8.794545455
24/1/2018,33.95818182
25/1/2018,5.448076923
26/1/2018,15.09464286
27/1/2018,0.7125
28/1/2018,11.88392857
29/1/2018,0.103571429
30/1/2018,11.89107143
31/1/2018,13.21964286
1/2/2018,2.585714286
2/2/2018,6.585185185
3/2/2018,0.396153846
4/2/2018,1.010909091
5/2/2018,0.105454545
6/2/2018,0
7/2/2018,0
8/2/2018,0
9/2/2018,0
10/2/2018,0
11/2/2018,0
12/2/2018,0
13/2/2018,0.032142857
14/2/2018,1.039285714
15/2/2018,1.698214286
16/2/2018,0.014285714
17/2/2018,1.969642857
18/2/2018,0
19/2/2018,0
20/2/2018,0
21/2/2018,0.192857143
22/2/2018,0.442857143
23/2/2018,18.83214286
24/2/2018,0.649056604
25/2/2018,0.0625
26/2/2018,0
27/2/2018,1.107142857
28/2/2018,19.28035714
1/3/2018,2.028571429
2/3/2018,14.48928571
3/3/2018,7.030357143
4/3/2018,9.746428571
5/3/2018,0.035714286
6/3/2018,5.371428571
7/3/2018,9.453571429
8/3/2018,0.166071429
9/3/2018,0.007142857
10/3/2018,12.74181818
11/3/2018,0.046428571
12/3/2018,5.341071429
13/3/2018,0.053571429
14/3/2018,0.178571429
15/3/2018,0
16/3/2018,3.369642857
17/3/2018,5.2125
18/3/2018,0.810714286
19/3/2018,2.123214286
20/3/2018,13.43214286
21/3/2018,0.235714286
22/3/2018,0
23/3/2018,0.025
24/3/2018,12.04285714
25/3/2018,3.653571429
26/3/2018,14.47142857
27/3/2018,5.942307692
28/3/2018,5.852727273
29/3/2018,0.947272727
30/3/2018,11.23846154
31/3/2018,0.087272727
1/4/2018,15.73703704
2/4/2018,5.883636364
3/4/2018,0.846428571
4/4/2018,0.003571429
5/4/2018,1.516363636
6/4/2018,1.568421053
7/4/2018,28.43508772
8/4/2018,0.788888889
9/4/2018,0.010526316
10/4/2018,0.003508772
11/4/2018,0.045614035
12/4/2018,0.978947368
13/4/2018,0.750877193
14/4/2018,22.88363636
15/4/2018,14.28392857
16/4/2018,4.837037037
17/4/2018,9.4375
18/4/2018,0.340350877
19/4/2018,10.55087719
20/4/2018,36.5125
21/4/2018,5.805454545
22/4/2018,6.492727273
23/4/2018,20.49818182
24/4/2018,2.169090909
25/4/2018,0
26/4/2018,6.1125
27/4/2018,19.81578947
28/4/2018,3.9625
29/4/2018,0.015789474
30/4/2018,2.832142857
1/5/2018,17.17272727
2/5/2018,6.408928571
3/5/2018,17.91090909
4/5/2018,9.181818182
5/5/2018,2.844642857
6/5/2018,0.661818182
7/5/2018,0.010714286
8/5/2018,0.003571429
9/5/2018,0
10/5/2018,0.305263158
11/5/2018,5.194642857
12/5/2018,2.501785714
13/5/2018,14.09464286
14/5/2018,3.121428571
15/5/2018,11.21607143
16/5/2018,16.42363636
17/5/2018,3.529824561
18/5/2018,23.66140351
19/5/2018,10.62982456
20/5/2018,9.236363636
21/5/2018,0.992727273
22/5/2018,1.132727273
23/5/2018,16.22545455
24/5/2018,0.523214286
25/5/2018,4.077192982
26/5/2018,31.94545455
27/5/2018,4.498113208
28/5/2018,10.40925926
29/5/2018,5.812727273
30/5/2018,5.894444444
31/5/2018,3.732727273
1/6/2018,29.66727273
2/6/2018,41.78363636
3/6/2018,0.163636364
4/6/2018,1.778571429
5/6/2018,0
6/6/2018,0
7/6/2018,0
8/6/2018,10.26666667
9/6/2018,0
10/6/2018,0
11/6/2018,0
12/6/2018,0.084210526
13/6/2018,8.049122807
14/6/2018,3.805454545
15/6/2018,15.975
16/6/2018,0.01509434
17/6/2018,0.557142857
18/6/2018,12.11071429
19/6/2018,8.739285714
20/6/2018,20.22857143
21/6/2018,0.990740741
22/6/2018,2.064814815
23/6/2018,10.10892857
24/6/2018,3.076785714
25/6/2018,15.44561404
26/6/2018,21.99298246
27/6/2018,16.34727273
28/6/2018,2.254716981
29/6/2018,38.10363636
30/6/2018,0.043636364
1/7/2018,10
2/7/2018,0.658490566
3/7/2018,12.30363636
4/7/2018,0.085714286
5/7/2018,0
6/7/2018,0.007142857
7/7/2018,8.619642857
8/7/2018,0.010909091
9/7/2018,2.992727273
10/7/2018,9.345614035
11/7/2018,0.021052632
12/7/2018,0.007017544
13/7/2018,0.010526316
14/7/2018,2.261818182
15/7/2018,16.64181818
16/7/2018,0
17/7/2018,0
18/7/2018,0.010526316
19/7/2018,13.85438596
20/7/2018,6.368421053
21/7/2018,3.69122807
22/7/2018,2.296491228
23/7/2018,0.007017544
24/7/2018,0.031578947
25/7/2018,11.45087719
26/7/2018,0
27/7/2018,0
28/7/2018,0.010526316
29/7/2018,1.164912281
30/7/2018,12.29814815
31/7/2018,0.187272727
1/8/2018,1.072727273
2/8/2018,0
3/8/2018,0.031578947
4/8/2018,6.676785714
5/8/2018,4.239285714
6/8/2018,0.017857143
7/8/2018,0.235087719
8/8/2018,3.915789474
9/8/2018,0
10/8/2018,0
11/8/2018,0
12/8/2018,0
13/8/2018,0
14/8/2018,0.546428571
15/8/2018,0.101754386
16/8/2018,0
17/8/2018,6.556140351
18/8/2018,0.307017544
19/8/2018,0.689285714
20/8/2018,2.551785714
21/8/2018,0.003508772
22/8/2018,29.97719298
23/8/2018,1.152631579
24/8/2018,14.31754386
25/8/2018,0.014035088
26/8/2018,0
27/8/2018,0.003508772
28/8/2018,1.910526316
29/8/2018,0.305357143
30/8/2018,0.568421053
31/8/2018,15.22857143
1/9/2018,4.314545455
2/9/2018,6.394444444
3/9/2018,0.296363636
4/9/2018,26.10555556
5/9/2018,0.007407407
6/9/2018,0
7/9/2018,25.18545455
8/9/2018,32.60961538
9/9/2018,9.939285714
10/9/2018,5.112727273
11/9/2018,1.825925926
12/9/2018,1.060377358
13/9/2018,0
14/9/2018,0
15/9/2018,0.021818182
16/9/2018,0.061111111
17/9/2018,0.003636364
18/9/2018,5.735185185
19/9/2018,33.16
20/9/2018,10.9
21/9/2018,15.03272727
22/9/2018,4.945454545
23/9/2018,0.007272727
24/9/2018,0
25/9/2018,0.007142857
26/9/2018,4.167857143
27/9/2018,0.003571429
28/9/2018,0
29/9/2018,0.032142857
30/9/2018,0.003636364
1/10/2018,0.046428571
2/10/2018,0
3/10/2018,0.051785714
4/10/2018,0.085714286
5/10/2018,0
6/10/2018,9.291071429
7/10/2018,6.225
8/10/2018,21.5875
9/10/2018,26.76666667
10/10/2018,33.11272727
11/10/2018,25.64727273
12/10/2018,11.95454545
13/10/2018,7.210714286
14/10/2018,12.58333333
15/10/2018,0.043636364
16/10/2018,6.032142857
17/10/2018,2.894642857
18/10/2018,7.416363636
19/10/2018,7.850909091
20/10/2018,0.883636364
21/10/2018,1.085714286
22/10/2018,1.335714286
23/10/2018,21.05892857
24/10/2018,1.409090909
25/10/2018,8.948148148
26/10/2018,8.265454545
27/10/2018,5.642857143
28/10/2018,11.45740741
29/10/2018,7.674074074
30/10/2018,16.47592593
31/10/2018,0.945454545
1/11/2018,3.528571429
2/11/2018,4.887037037
3/11/2018,11.29636364
4/11/2018,11.44181818
5/11/2018,4.261111111
6/11/2018,4.849056604
7/11/2018,13.47777778
8/11/2018,20.78363636
9/11/2018,11.69272727
10/11/2018,16.72037037
11/11/2018,28.25740741
12/11/2018,14.5875
13/11/2018,1.824074074
14/11/2018,25.22264151
15/11/2018,15.78363636
16/11/2018,0.08
17/11/2018,16.99259259
18/11/2018,4.439622642
19/11/2018,13.59056604
20/11/2018,3.628846154
21/11/2018,24.02962963
22/11/2018,18.34528302
23/11/2018,8.059259259
24/11/2018,0.294444444
25/11/2018,9.536363636
26/11/2018,10.58333333
27/11/2018,11.47037037
28/11/2018,5.209259259
29/11/2018,6.055555556
30/11/2018,4.445283019
1/12/2018,16.17454545
2/12/2018,9.510714286
3/12/2018,6.798181818
4/12/2018,2.394230769
5/12/2018,22.01320755
6/12/2018,7.649019608
7/12/2018,6.505660377
8/12/2018,13.925
9/12/2018,4.898039216
10/12/2018,7.874
11/12/2018,25.6755102
12/12/2018,20.74038462
13/12/2018,0.2
14/12/2018,0.092
15/12/2018,18.12692308
16/12/2018,12.81372549
17/12/2018,1.442307692
18/12/2018,0.449056604
19/12/2018,5.851923077
20/12/2018,10.36226415
21/12/2018,1.856603774
22/12/2018,2.39245283
23/12/2018,3.511320755
24/12/2018,0.318518519
25/12/2018,0.094117647
26/12/2018,2.469230769
27/12/2018,0.011320755
28/12/2018,0
29/12/2018,0.342307692
30/12/2018,1.876470588
31/12/2018,24.54807692
1/1/2019,4.811538462
2/1/2019,0.023529412
3/1/2019,0.154716981
4/1/2019,0
5/1/2019,6.037254902
6/1/2019,0.043137255
7/1/2019,0
8/1/2019,7.726923077
9/1/2019,0.184615385
10/1/2019,0
11/1/2019,1.228846154
12/1/2019,10.64814815
13/1/2019,5.952830189
14/1/2019,1.174509804
15/1/2019,2.864150943
16/1/2019,0.010909091
17/1/2019,14.91509434
18/1/2019,35.66226415
19/1/2019,0
20/1/2019,0.411320755
21/1/2019,2.559615385
22/1/2019,0
23/1/2019,0.143396226
24/1/2019,0.079245283
25/1/2019,0.235849057
26/1/2019,0
27/1/2019,0.292307692
28/1/2019,0.592
29/1/2019,0.324
30/1/2019,0
31/1/2019,0.026923077
1/2/2019,0.011320755
2/2/2019,0.041509434
3/2/2019,0.2
4/2/2019,8.947169811
5/2/2019,0.030188679
6/2/2019,0
7/2/2019,4.262264151
8/2/2019,0.822641509
9/2/2019,0.233333333
10/2/2019,0.588888889
11/2/2019,0
12/2/2019,0.007407407
13/2/2019,0.049019608
14/2/2019,0
15/2/2019,0.735849057
16/2/2019,0
17/2/2019,15.27843137
18/2/2019,7.088
19/2/2019,8.294
20/2/2019,5.017307692
21/2/2019,0
22/2/2019,0.532
23/2/2019,0.012
24/2/2019,0
25/2/2019,0
26/2/2019,0.748
27/2/2019,0.212244898
28/2/2019,0.117647059
1/3/2019,0
2/3/2019,0.011538462
3/3/2019,0.096153846
4/3/2019,6.076470588
5/3/2019,0.730769231
6/3/2019,0.096
7/3/2019,0.82745098
8/3/2019,0.003921569
9/3/2019,0.77254902
10/3/2019,1.428
11/3/2019,32.796
12/3/2019,1.559183673
13/3/2019,0.485714286
14/3/2019,0
15/3/2019,0
16/3/2019,1.517647059
17/3/2019,0
18/3/2019,0
19/3/2019,0
20/3/2019,0.003921569
21/3/2019,38.29
22/3/2019,1.086
23/3/2019,3.118367347
24/3/2019,5.251020408
25/3/2019,10.77346939
26/3/2019,0.024489796
27/3/2019,0.020408163
28/3/2019,18.45306122
29/3/2019,0.016
30/3/2019,4.930612245
31/3/2019,0.457142857
1/4/2019,25.85531915
2/4/2019,0.192156863
3/4/2019,30.36
4/4/2019,10.97
5/4/2019,3.933333333
6/4/2019,0
7/4/2019,0.007843137
8/4/2019,0.565384615
9/4/2019,8.280392157
10/4/2019,6.993877551
11/4/2019,4.929166667
12/4/2019,1.110416667
13/4/2019,0.08627451
14/4/2019,8.589795918
15/4/2019,0.056
16/4/2019,1.156
17/4/2019,0.808163265
18/4/2019,1.358333333
19/4/2019,5.926530612
20/4/2019,10.69111111
21/4/2019,1.308695652
22/4/2019,1.635555556
23/4/2019,22.29777778
24/4/2019,4.055319149
25/4/2019,7.277777778
26/4/2019,48.08409091
27/4/2019,10.63333333
28/4/2019,1.6
29/4/2019,7.121276596
30/4/2019,1.295833333
1/5/2019,0.012
2/5/2019,3.194
3/5/2019,1.838
4/5/2019,10.10625
5/5/2019,1.345833333
6/5/2019,0
7/5/2019,3.226
8/5/2019,55.51632653
9/5/2019,0.06
10/5/2019,17.46938776
11/5/2019,6.57755102
12/5/2019,0.930612245
13/5/2019,8.456862745
14/5/2019,7.957142857
15/5/2019,6.46122449
16/5/2019,7.8375
17/5/2019,9.576086957
18/5/2019,0.073469388
19/5/2019,7.891666667
20/5/2019,1.097959184
21/5/2019,1.440816327
22/5/2019,5.746938776
23/5/2019,0.38
24/5/2019,0
25/5/2019,0.352
26/5/2019,0.008
27/5/2019,1.454901961
28/5/2019,0.560784314
29/5/2019,5.426
30/5/2019,16.14489796
31/5/2019,2.695833333
1/6/2019,1.2
2/6/2019,23.608
3/6/2019,34.61020408
4/6/2019,3.392156863
5/6/2019,0.756
6/6/2019,12.71041667
7/6/2019,19.56956522
8/6/2019,2.820454545
9/6/2019,3.582222222
10/6/2019,0.67755102
11/6/2019,19.3254902
12/6/2019,25.8627451
13/6/2019,4.61372549
14/6/2019,1.830769231
15/6/2019,5.423529412
16/6/2019,0
17/6/2019,4.210204082
18/6/2019,12.81176471
19/6/2019,5.186
20/6/2019,7.120408163
21/6/2019,3.181632653
22/6/2019,21.48039216
23/6/2019,0.011764706
24/6/2019,0.696078431
25/6/2019,0.003846154
26/6/2019,6.447058824
27/6/2019,0
28/6/2019,0
29/6/2019,3.535294118
30/6/2019,1.694339623
1/7/2019,0.046153846
2/7/2019,0.040740741
3/7/2019,4.111538462
4/7/2019,3.030769231
5/7/2019,0.674074074
6/7/2019,3.357692308
7/7/2019,6.376923077
8/7/2019,13.71960784
9/7/2019,12.566
10/7/2019,0.003703704
11/7/2019,0
12/7/2019,0.011320755
13/7/2019,0
14/7/2019,0
15/7/2019,8.563461538
16/7/2019,1.863461538
17/7/2019,0.155555556
18/7/2019,0
19/7/2019,0
20/7/2019,0
21/7/2019,1.340740741
22/7/2019,5.416666667
23/7/2019,12.28679245
24/7/2019,5.167924528
25/7/2019,0
26/7/2019,0
27/7/2019,0.003703704
28/7/2019,0.062962963
29/7/2019,0
30/7/2019,0.625925926
31/7/2019,0
1/8/2019,0
2/8/2019,0
3/8/2019,0
4/8/2019,0.056603774
5/8/2019,0.709433962
6/8/2019,0.311111111
7/8/2019,0.575471698
8/8/2019,0
9/8/2019,0
10/8/2019,0.007407407
11/8/2019,0
12/8/2019,0
13/8/2019,0
14/8/2019,1.37037037
15/8/2019,0.003703704
16/8/2019,0
17/8/2019,2.558490566
18/8/2019,0
19/8/2019,0
20/8/2019,0.040740741
21/8/2019,0.492592593
22/8/2019,0
23/8/2019,0
24/8/2019,0
25/8/2019,0.558490566
26/8/2019,11.73962264
27/8/2019,3.839622642
28/8/2019,1.143396226
29/8/2019,0.046296296
30/8/2019,12.45769231
31/8/2019,0
1/9/2019,0.011111111
2/9/2019,0.781481481
3/9/2019,0
4/9/2019,15.98653846
5/9/2019,0.162962963
6/9/2019,0
7/9/2019,0
8/9/2019,0
9/9/2019,0
10/9/2019,0.007407407
11/9/2019,0
12/9/2019,0
13/9/2019,0
14/9/2019,1.162745098
15/9/2019,0.003846154
16/9/2019,0
17/9/2019,0
18/9/2019,0
19/9/2019,0
20/9/2019,0.025925926
21/9/2019,0
22/9/2019,0
23/9/2019,0.558490566
24/9/2019,0.324528302
25/9/2019,37.05
26/9/2019,0.023529412
27/9/2019,2.045283019
28/9/2019,0.811320755
29/9/2019,19.99056604
30/9/2019,21.46981132
1/10/2019,1.026415094
2/10/2019,2.313461538
3/10/2019,0.044444444
4/10/2019,8.6
5/10/2019,1.585185185
6/10/2019,1.190566038
7/10/2019,16.28333333
8/10/2019,1.817307692
9/10/2019,6.655555556
10/10/2019,2.454716981
11/10/2019,0.511111111
12/10/2019,4.975471698
13/10/2019,3.003773585
14/10/2019,0.12037037
15/10/2019,3.32962963
16/10/2019,4.737037037
17/10/2019,7.209615385
18/10/2019,3.875925926
19/10/2019,0.3
20/10/2019,1.020754717
21/10/2019,11.34150943
22/10/2019,27.34150943
23/10/2019,5.08627451
24/10/2019,0.140384615
25/10/2019,4.348148148
26/10/2019,12.88518519
27/10/2019,21.08269231
28/10/2019,4.685185185
29/10/2019,0.218867925
30/10/2019,3.281132075
31/10/2019,0.6
1/11/2019,5.248076923
2/11/2019,3.766037736
3/11/2019,4.47962963
4/11/2019,3.609433962
5/11/2019,8.481481481
6/11/2019,0.003703704
7/11/2019,0
8/11/2019,14.75849057
9/11/2019,0
10/11/2019,0.088888889
11/11/2019,2.040740741
12/11/2019,5.525925926
13/11/2019,3.011111111
14/11/2019,0.407407407
15/11/2019,1.588888889
16/11/2019,3.038888889
17/11/2019,0
18/11/2019,6.290566038
19/11/2019,3.956603774
20/11/2019,15.63653846
21/11/2019,0.346
22/11/2019,2.613207547
23/11/2019,12.58490566
24/11/2019,11.98269231
25/11/2019,11.57777778
26/11/2019,0.211111111
27/11/2019,2.375925926
28/11/2019,12.97777778
29/11/2019,51.87358491
30/11/2019,8.120754717
